INSERT INTO Players (Nickname, Winrate) VALUES
('PSG.LGD.y`', 0.487),
('VP.Kiritych~', 0.527),
('lХОРВАТl', 0.461),
('TSpirit.Yatoro', 0.495),
('GG.DyrachYO', 0.529),
('TSpirit.Collapse', 0.565),
('BetBoom.Save-', 0.464),
('AR.fy', 0.583),
('AR.天命', 0.527),
('GG.Ace ♠', 0.636),
('NOUNS.Yamsun', 0.519),
('AR.chalice', 0.547),
('PSG.LGD.niu', 0.581),
('BetBoom.gpk~', 0.527),
('AR.Somnus', 0.465);

INSERT INTO Items (ItemName, Price) VALUES
('Phase Boots', 1500),
('Radiance', 4700),
('Arcane Boots', 1300),
('Battle Fury', 4100),
('Hand of Midas', 2200),
('Blade Mail', 2100),
('Aether Lens', 2275),
('Blink Dagger', 2250),
('Aghanim`s Scepter', 4200),
('Black King Bar', 4050),
('Desolator', 3500),
('Bracer', 505),
('Bloodstone', 4400),
('Shiva`s Guard', 5175),
('Boots of Travel', 2500);

INSERT INTO Characters (CharacterName, BestPlayerNickname) VALUES
('Alchemist', 'VP.Kiritych~'),
('Bloodseeker', 'GG.Ace ♠'),
('Arc Warden', 'GG.DyrachYO'),
('Bane', 'BetBoom.Save-'),
('Abaddon', 'PSG.LGD.y`'),
('Beastmaster', 'AR.天命'),
('Axe', 'TSpirit.Collapse'),
('Batrider', 'AR.fy'),
('Death Prophet', 'BetBoom.gpk~'),
('Invoker', 'AR.Somnus'),
('Ancient Apparition', 'lХОРВАТl'),
('Anti-Mage', 'TSpirit.Yatoro'),
('Brewmaster', 'AR.chalice'),
('Bounty Hunter', 'NOUNS.Yamsun'),
('Bristleback', 'PSG.LGD.niu');

INSERT INTO HeroesStats (HeroesTop, CharacterName, Winrate, Popularity, SelectFrequency) VALUES
(82, 'Alchemist', 0.484, 99, 0.039),
(65, 'Bloodseeker', 0.463, 77, 0.045),
(45, 'Arc Warden', 0.529, 88, 0.054),
(70, 'Bane', 0.487, 95, 0.035),
(1, 'Abaddon', 0.539, 60, 0.074),
(103, 'Beastmaster', 0.455, 123, 0.010),
(2, 'Axe', 0.535, 5, 0.176),
(107, 'Batrider', 0.437, 117, 0.016),
(60, 'Death Prophet', 0.519, 97, 0.039),
(93, 'Invoker', 0.471, 15, 0.153),
(74, 'Ancient Apparition', 0.507, 58, 0.073),
(18, 'Anti-Mage', 0.522, 14, 0.150),
(86, 'Brewmaster', 0.487, 118, 0.015),
(78, 'Bounty Hunter', 0.476, 34, 0.105),
(62, 'Bristleback', 0.534, 37, 0.093);

INSERT INTO ItemsStats (ItemsTop, ItemName, Winrate, Purchases) VALUES
(51, 'Phase Boots', 0.489, 30606955),
(58, 'Radiance', 0.581, 6533518),
(64, 'Arcane Boots', 0.493,	42725666),
(53, 'Battle Fury', 0.481, 8137310),
(76, 'Hand of Midas', 0.461, 1005076976),
(50, 'Blade Mail', 0.486, 16871527),
(46, 'Aether Lens', 0.531, 19021982),
(42, 'Blink Dagger', 0.493, 44401001),
(35, 'Aghanim`s Scepter', 0.597, 59529907),
(44, 'Black King Bar', 0.526, 38226969),
(48, 'Desolator', 0.540, 10037494),
(74, 'Bracer', 0.465, 26020702),
(32, 'Bloodstone', 0.648, 3188030),
(36, 'Shiva`s Guard', 0.633, 9376310),
(40, 'Boots of Travel', 0.611, 13334200);

INSERT INTO GeneralStats (StartDate, CharacterName, ItemName, Nickname, Winrate, FinishDate) VALUES
('2024-02-12', 'Alchemist', 'Radiance', 'VP.Kiritych~', 0.581, '2024-02-26'),
('2024-01-14', 'Bloodseeker', 'Black King Bar', 'GG.Ace ♠', 0.695, '2024-01-28'),
('2024-02-16', 'Arc Warden', 'Hand of Midas', 'GG.DyrachYO', 0.452, '2024-03-01'),
('2024-03-15', 'Bane', 'Aether Lens', 'BetBoom.Save-', 0.489, '2024-03-29'),
('2024-01-18', 'Abaddon', 'Phase Boots', 'PSG.LGD.y`', 0.686, '2024-02-01'),
('2024-02-20', 'Beastmaster', 'Aghanim`s Scepter', 'AR.天命', 0.487, '2024-03-05'),
('2024-01-07', 'Axe', 'Blade Mail', 'TSpirit.Collapse', 0.581, '2024-01-21'),
('2024-02-05', 'Batrider', 'Blink Dagger', 'AR.fy', 0.459, '2024-02-19'),
('2024-02-17', 'Death Prophet', 'Shiva`s Guard', 'BetBoom.gpk~', 0.577, '2024-03-02'),
('2024-01-03', 'Invoker', 'Boots of Travel', 'AR.Somnus', 0.589, '2024-01-17'),
('2024-01-01', 'Ancient Apparition', 'Arcane Boots', 'lХОРВАТl', 0.591, '2024-01-15'),
('2024-03-02', 'Anti-Mage', 'Battle Fury', 'TSpirit.Yatoro', 0.465, '2024-03-16'),
('2024-03-09', 'Brewmaster', 'Bracer', 'AR.chalice', 0.618, '2024-03-23'),
('2024-02-02', 'Bounty Hunter', 'Desolator', 'NOUNS.Yamsun', 0.569, '2024-02-16'),
('2024-02-08', 'Bristleback', 'Bloodstone', 'PSG.LGD.niu', 0.636, '2024-02-22');